domain,cpanel_user
amb44king.info,cloudwa1
magame888.com,cloudwa1
moltobeneonline.com,cloudwa1
proskill88.org,cloudwa1
ruay168bet.net,cloudwa1
sos69.org,cloudwa1
ufaclub168.info,cloudwa1
789quick.org,gonext
atmosfun.co,gonext
bali168vip.net,gonext
betflixallstar.net,gonext
bsbet555.live,gonext
cafe444.games,gonext
dumbo12345.pro,gonext
ibet59.me,gonext
kingland555.co,gonext
lsm99pg.co,gonext
macau556.info,gonext
nex555.pro,gonext
onetwoshootbet.info,gonext
pgslotfish.co,gonext
pung1688plus.me,gonext
pung24hrslot.net,gonext
ra365.net,gonext
river288.net,gonext
roadbikeresearch.com,gonext
ruok88.co,gonext
sbet789.net,gonext
sing168.info,gonext
speed888.info,gonext
sugar888.pro,gonext
superbet888.co,gonext
tga168.games,gonext
tgaslot369.cc,gonext
topstar888.org,gonext
ufa-365.com,gonext
ufa-999.com,gonext
ufa-cash.net,gonext
ufa-eazy.com,gonext
ufa224.com,gonext
ufa777bet.com,gonext
ufa777m.games,gonext
ufaball555.com,gonext
ufabet474.com,gonext
ufabet6969.com,gonext
ufabet88s.com,gonext
ufaflash.org,gonext
ufamvp789.com,gonext
ufapremium.com,gonext
ufastar365.co,gonext
ufaxbetflix.com,gonext
ving888.cc,gonext
w69casino.info,gonext
w69th.org,gonext
walletslotufa.net,gonext
wawoon777.club,gonext
whanjeab999.net,gonext
wings888.pro,gonext
wink888plus.me,gonext
zeus789.cc,gonext
zigmaslot.pro,gonext
ufasport168.com,gonext
3mbetauto.net,gonext02
aavinmadurai.com,gonext02
ajm555.net,gonext02
ajm911.co,gonext02
amb168g.info,gonext02
asia999betvip.pro,gonext02
badboy168.net,gonext02
balen69.info,gonext02
brazil555.vip,gonext02
cap999.pro,gonext02
fan88bet.net,gonext02
ifairbet168.net,gonext02
jdbaa.me,gonext02
jedi666.org,gonext02
joker456.co,gonext02
jood88.org,gonext02
la893.net,gonext02
luna999.me,gonext02
megachatroom.com,gonext02
mukaslot.vip,gonext02
mybetgaming.org,gonext02
otp55.org,gonext02
paris666.info,gonext02
phc8888.net,gonext02
rockstar168.org,gonext02
solo89.live,gonext02
tony1688.vip,gonext02
topstar168.org,gonext02
u7now.club,gonext02
u7now7.com,gonext02
ufa168.biz,gonext02
ufaai.net,gonext02
ufasport168.com,gonext02
ufatruemoneywallet.net,gonext02
vegus777slot.info,gonext02
vget289.net,gonext02
ving999.games,gonext02
whanjeab888.org,gonext02
wingclub168.org,gonext02
wow668.net,gonext02
z16vip.games,gonext02
zoniix.info,gonext02
